Year,Route,GRASS_3km,GRASS_5km,GRASS_10km,ED_3km,ED_5km,ED_10km,PDSI,TMAX,PCP,TMIN
1977,1,NA,NA,NA,NA,NA,NA,-1.593333333,95.5,NA,NA
1977,2,NA,NA,NA,NA,NA,NA,-1.593333333,95.5,NA,NA
1977,3,NA,NA,NA,NA,NA,NA,-1.593333333,95.5,NA,NA
1977,4,NA,NA,NA,NA,NA,NA,-1.593333333,95.5,NA,NA
1977,5,NA,NA,NA,NA,NA,NA,-1.593333333,95.5,NA,NA
1977,6,NA,NA,NA,NA,NA,NA,-1.593333333,95.5,NA,NA
1977,7,NA,NA,NA,NA,NA,NA,-1.593333333,95.5,NA,NA
1977,8,NA,NA,NA,NA,NA,NA,0.87,95.9,NA,NA
1977,9,NA,NA,NA,NA,NA,NA,-1.593333333,95.5,NA,NA
1977,10,NA,NA,NA,NA,NA,NA,0.87,95.9,NA,NA
1977,11,NA,NA,NA,NA,NA,NA,0.87,95.9,NA,NA
1977,12,NA,NA,NA,NA,NA,NA,-1.593333333,95.5,NA,NA
1977,13,NA,NA,NA,NA,NA,NA,0.87,95.9,NA,NA
1977,14,NA,NA,NA,NA,NA,NA,-0.063333333,93.4,NA,NA
1977,15,NA,NA,NA,NA,NA,NA,-1.593333333,95.5,NA,NA
1977,16,NA,NA,NA,NA,NA,NA,-0.063333333,93.4,NA,NA
1977,17,NA,NA,NA,NA,NA,NA,-0.063333333,93.4,NA,NA
1978,1,68.2667,59.4092,60.6679,25.8439,28.7135,29.8593,-0.186666667,97.5,0.53,10.9
1978,2,77.9606,75.9683,75.9795,22.1485,20.3278,20.457,-0.186666667,97.5,0.53,10.9
1978,3,66.1766,64.2857,65.8346,33.5494,33.3008,32.7009,-0.186666667,97.5,0.53,10.9
1978,4,75.6249,62.5468,52.8954,15.367,18.5031,18.9544,-0.186666667,97.5,0.53,10.9
1978,5,62.1929,58.1833,59.8254,47.348,43.8393,40.0026,-0.186666667,97.5,0.53,10.9
1978,6,62.513,64.8961,64.1066,34.3081,30.2463,27.0406,-0.186666667,97.5,0.53,10.9
1978,7,73.7085,61.9028,47.4962,18.4182,19.5747,19.3524,-0.186666667,97.5,0.53,10.9
1978,8,60.3411,47.6338,35.9037,25.2539,27.7388,29.7605,-0.163333333,98.8,0.77,10.8
1978,9,36.8899,32.6652,32.8432,33.1671,33.6306,36.0986,-0.186666667,97.5,0.53,10.9
1978,10,75.7953,79.5054,79.1714,18.817,17.903,19.7728,-0.163333333,98.8,0.77,10.8
1978,11,91.348,90.7795,90.0832,15.1753,16.019,16.0191,-0.163333333,98.8,0.77,10.8
1978,12,59.397,53.3698,48.327,40.0153,44.4296,43.7288,-0.186666667,97.5,0.53,10.9
1978,13,51.1849,47.4125,44.4619,28.6446,26.2301,26.2197,-0.163333333,98.8,0.77,10.8
1978,14,56.4346,54.7938,56.4771,23.171,28.3556,28.998,-0.143333333,95.3,0.506666667,8.9
1978,15,62.1912,72.1277,62.6561,22.5521,19.9438,28.6818,-0.186666667,97.5,0.53,10.9
1978,16,57.8096,54.9098,48.0598,25.5848,29.9337,34.2117,-0.143333333,95.3,0.506666667,8.9
1978,17,49.7729,48.187,42.896,22.3601,24.525,22.7693,-0.143333333,95.3,0.506666667,8.9
1979,1,68.2667,59.4092,60.6679,25.8439,28.7135,29.8593,1.773333333,92.1,0.443333333,6.9
1979,2,77.9606,75.9683,75.9795,22.1485,20.3278,20.457,1.773333333,92.1,0.443333333,6.9
1979,3,66.1766,64.2857,65.8346,33.5494,33.3008,32.7009,1.773333333,92.1,0.443333333,6.9
1979,4,75.6249,62.5468,52.8954,15.367,18.5031,18.9544,1.773333333,92.1,0.443333333,6.9
1979,5,62.1929,58.1833,59.8254,47.348,43.8393,40.0026,1.773333333,92.1,0.443333333,6.9
1979,6,62.513,64.8961,64.1066,34.3081,30.2463,27.0406,1.773333333,92.1,0.443333333,6.9
1979,7,73.7085,61.9028,47.4962,18.4182,19.5747,19.3524,1.773333333,92.1,0.443333333,6.9
1979,8,60.3411,47.6338,35.9037,25.2539,27.7388,29.7605,0.863333333,92,0.763333333,7.4
1979,9,36.8899,32.6652,32.8432,33.1671,33.6306,36.0986,1.773333333,92.1,0.443333333,6.9
1979,10,75.7953,79.5054,79.1714,18.817,17.903,19.7728,0.863333333,92,0.763333333,7.4
1979,11,91.348,90.7795,90.0832,15.1753,16.019,16.0191,0.863333333,92,0.763333333,7.4
1979,12,59.397,53.3698,48.327,40.0153,44.4296,43.7288,1.773333333,92.1,0.443333333,6.9
1979,13,51.1849,47.4125,44.4619,28.6446,26.2301,26.2197,0.863333333,92,0.763333333,7.4
1979,14,56.4346,54.7938,56.4771,23.171,28.3556,28.998,1.676666667,91.2,0.566666667,5.4
1979,15,62.1912,72.1277,62.6561,22.5521,19.9438,28.6818,1.773333333,92.1,0.443333333,6.9
1979,16,57.8096,54.9098,48.0598,25.5848,29.9337,34.2117,1.676666667,91.2,0.566666667,5.4
1979,17,49.7729,48.187,42.896,22.3601,24.525,22.7693,1.676666667,91.2,0.566666667,5.4
1980,1,68.2667,59.4092,60.6679,25.8439,28.7135,29.8593,0.95,100.6,0.85,19.7
1980,2,77.9606,75.9683,75.9795,22.1485,20.3278,20.457,0.95,100.6,0.85,19.7
1980,3,66.1766,64.2857,65.8346,33.5494,33.3008,32.7009,0.95,100.6,0.85,19.7
1980,4,75.6249,62.5468,52.8954,15.367,18.5031,18.9544,0.95,100.6,0.85,19.7
1980,5,62.1929,58.1833,59.8254,47.348,43.8393,40.0026,0.95,100.6,0.85,19.7
1980,6,62.513,64.8961,64.1066,34.3081,30.2463,27.0406,0.95,100.6,0.85,19.7
1980,7,73.7085,61.9028,47.4962,18.4182,19.5747,19.3524,0.95,100.6,0.85,19.7
1980,8,60.3411,47.6338,35.9037,25.2539,27.7388,29.7605,-1.176666667,102.4,1.23,20
1980,9,36.8899,32.6652,32.8432,33.1671,33.6306,36.0986,0.95,100.6,0.85,19.7
1980,10,75.7953,79.5054,79.1714,18.817,17.903,19.7728,-1.176666667,102.4,1.23,20
1980,11,91.348,90.7795,90.0832,15.1753,16.019,16.0191,-1.176666667,102.4,1.23,20
1980,12,59.397,53.3698,48.327,40.0153,44.4296,43.7288,0.95,100.6,0.85,19.7
1980,13,51.1849,47.4125,44.4619,28.6446,26.2301,26.2197,-1.176666667,102.4,1.23,20
1980,14,56.4346,54.7938,56.4771,23.171,28.3556,28.998,2.736666667,98.8,0.88,17.2
1980,15,62.1912,72.1277,62.6561,22.5521,19.9438,28.6818,0.95,100.6,0.85,19.7
1980,16,57.8096,54.9098,48.0598,25.5848,29.9337,34.2117,2.736666667,98.8,0.88,17.2
1980,17,49.7729,48.187,42.896,22.3601,24.525,22.7693,2.736666667,98.8,0.88,17.2
1981,1,68.2667,59.4092,60.6679,25.8439,28.7135,29.8593,-0.37,93,0.226666667,20.3
1981,2,77.9606,75.9683,75.9795,22.1485,20.3278,20.457,-0.37,93,0.226666667,20.3
1981,3,66.1766,64.2857,65.8346,33.5494,33.3008,32.7009,-0.37,93,0.226666667,20.3
1981,4,75.6249,62.5468,52.8954,15.367,18.5031,18.9544,-0.37,93,0.226666667,20.3
1981,5,62.1929,58.1833,59.8254,47.348,43.8393,40.0026,-0.37,93,0.226666667,20.3
1981,6,62.513,64.8961,64.1066,34.3081,30.2463,27.0406,-0.37,93,0.226666667,20.3
1981,7,73.7085,61.9028,47.4962,18.4182,19.5747,19.3524,-0.37,93,0.226666667,20.3
1981,8,60.3411,47.6338,35.9037,25.2539,27.7388,29.7605,0.293333333,93.3,0.576666667,21.1
1981,9,36.8899,32.6652,32.8432,33.1671,33.6306,36.0986,-0.37,93,0.226666667,20.3
1981,10,75.7953,79.5054,79.1714,18.817,17.903,19.7728,0.293333333,93.3,0.576666667,21.1
1981,11,91.348,90.7795,90.0832,15.1753,16.019,16.0191,0.293333333,93.3,0.576666667,21.1
1981,12,59.397,53.3698,48.327,40.0153,44.4296,43.7288,-0.37,93,0.226666667,20.3
1981,13,51.1849,47.4125,44.4619,28.6446,26.2301,26.2197,0.293333333,93.3,0.576666667,21.1
1981,14,56.4346,54.7938,56.4771,23.171,28.3556,28.998,-0.806666667,90.6,0.216666667,18.3
1981,15,62.1912,72.1277,62.6561,22.5521,19.9438,28.6818,-0.37,93,0.226666667,20.3
1981,16,57.8096,54.9098,48.0598,25.5848,29.9337,34.2117,-0.806666667,90.6,0.216666667,18.3
1981,17,49.7729,48.187,42.896,22.3601,24.525,22.7693,-0.806666667,90.6,0.216666667,18.3
1982,1,68.2667,59.4092,60.6679,25.8439,28.7135,29.8593,0.27,92.7,0.37,14.3
1982,2,77.9606,75.9683,75.9795,22.1485,20.3278,20.457,0.27,92.7,0.37,14.3
1982,3,66.1766,64.2857,65.8346,33.5494,33.3008,32.7009,0.27,92.7,0.37,14.3
1982,4,75.6249,62.5468,52.8954,15.367,18.5031,18.9544,0.27,92.7,0.37,14.3
1982,5,62.1929,58.1833,59.8254,47.348,43.8393,40.0026,0.27,92.7,0.37,14.3
1982,6,62.513,64.8961,64.1066,34.3081,30.2463,27.0406,0.27,92.7,0.37,14.3
1982,7,73.7085,61.9028,47.4962,18.4182,19.5747,19.3524,0.27,92.7,0.37,14.3
1982,8,60.3411,47.6338,35.9037,25.2539,27.7388,29.7605,1.686666667,94,0.676666667,14.5
1982,9,36.8899,32.6652,32.8432,33.1671,33.6306,36.0986,0.27,92.7,0.37,14.3
1982,10,75.7953,79.5054,79.1714,18.817,17.903,19.7728,1.686666667,94,0.676666667,14.5
1982,11,91.348,90.7795,90.0832,15.1753,16.019,16.0191,1.686666667,94,0.676666667,14.5
1982,12,59.397,53.3698,48.327,40.0153,44.4296,43.7288,0.27,92.7,0.37,14.3
1982,13,51.1849,47.4125,44.4619,28.6446,26.2301,26.2197,1.686666667,94,0.676666667,14.5
1982,14,56.4346,54.7938,56.4771,23.171,28.3556,28.998,1.283333333,91,0.406666667,11.9
1982,15,62.1912,72.1277,62.6561,22.5521,19.9438,28.6818,0.27,92.7,0.37,14.3
1982,16,57.8096,54.9098,48.0598,25.5848,29.9337,34.2117,1.283333333,91,0.406666667,11.9
1982,17,49.7729,48.187,42.896,22.3601,24.525,22.7693,1.283333333,91,0.406666667,11.9
1983,1,68.2667,59.4092,60.6679,25.8439,28.7135,29.8593,0.056666667,99,0.853333333,21.7
1983,2,77.9606,75.9683,75.9795,22.1485,20.3278,20.457,0.056666667,99,0.853333333,21.7
1983,3,66.1766,64.2857,65.8346,33.5494,33.3008,32.7009,0.056666667,99,0.853333333,21.7
1983,4,75.6249,62.5468,52.8954,15.367,18.5031,18.9544,0.056666667,99,0.853333333,21.7
1983,5,62.1929,58.1833,59.8254,47.348,43.8393,40.0026,0.056666667,99,0.853333333,21.7
1983,6,62.513,64.8961,64.1066,34.3081,30.2463,27.0406,0.056666667,99,0.853333333,21.7
1983,7,73.7085,61.9028,47.4962,18.4182,19.5747,19.3524,0.056666667,99,0.853333333,21.7
1983,8,60.3411,47.6338,35.9037,25.2539,27.7388,29.7605,0.336666667,99.1,1.226666667,22.8
1983,9,36.8899,32.6652,32.8432,33.1671,33.6306,36.0986,0.056666667,99,0.853333333,21.7
1983,10,75.7953,79.5054,79.1714,18.817,17.903,19.7728,0.336666667,99.1,1.226666667,22.8
1983,11,91.348,90.7795,90.0832,15.1753,16.019,16.0191,0.336666667,99.1,1.226666667,22.8
1983,12,59.397,53.3698,48.327,40.0153,44.4296,43.7288,0.056666667,99,0.853333333,21.7
1983,13,51.1849,47.4125,44.4619,28.6446,26.2301,26.2197,0.336666667,99.1,1.226666667,22.8
1983,14,56.4346,54.7938,56.4771,23.171,28.3556,28.998,-0.373333333,97.9,0.783333333,20.3
1983,15,62.1912,72.1277,62.6561,22.5521,19.9438,28.6818,0.056666667,99,0.853333333,21.7
1983,16,57.8096,54.9098,48.0598,25.5848,29.9337,34.2117,-0.373333333,97.9,0.783333333,20.3
1983,17,49.7729,48.187,42.896,22.3601,24.525,22.7693,-0.373333333,97.9,0.783333333,20.3
1984,1,68.2667,59.4092,60.6679,25.8439,28.7135,29.8593,0.976666667,94.3,0.493333333,10.3
1984,2,77.9606,75.9683,75.9795,22.1485,20.3278,20.457,0.976666667,94.3,0.493333333,10.3
1984,3,66.1766,64.2857,65.8346,33.5494,33.3008,32.7009,0.976666667,94.3,0.493333333,10.3
1984,4,75.6249,62.5468,52.8954,15.367,18.5031,18.9544,0.976666667,94.3,0.493333333,10.3
1984,5,62.1929,58.1833,59.8254,47.348,43.8393,40.0026,0.976666667,94.3,0.493333333,10.3
1984,6,62.513,64.8961,64.1066,34.3081,30.2463,27.0406,0.976666667,94.3,0.493333333,10.3
1984,7,73.7085,61.9028,47.4962,18.4182,19.5747,19.3524,0.976666667,94.3,0.493333333,10.3
1984,8,60.3411,47.6338,35.9037,25.2539,27.7388,29.7605,-1.263333333,96.2,0.63,9.7
1984,9,36.8899,32.6652,32.8432,33.1671,33.6306,36.0986,0.976666667,94.3,0.493333333,10.3
1984,10,75.7953,79.5054,79.1714,18.817,17.903,19.7728,-1.263333333,96.2,0.63,9.7
1984,11,91.348,90.7795,90.0832,15.1753,16.019,16.0191,-1.263333333,96.2,0.63,9.7
1984,12,59.397,53.3698,48.327,40.0153,44.4296,43.7288,0.976666667,94.3,0.493333333,10.3
1984,13,51.1849,47.4125,44.4619,28.6446,26.2301,26.2197,-1.263333333,96.2,0.63,9.7
1984,14,56.4346,54.7938,56.4771,23.171,28.3556,28.998,2.34,93,0.566666667,6.9
1984,15,62.1912,72.1277,62.6561,22.5521,19.9438,28.6818,0.976666667,94.3,0.493333333,10.3
1984,16,57.8096,54.9098,48.0598,25.5848,29.9337,34.2117,2.34,93,0.566666667,6.9
1984,17,49.7729,48.187,42.896,22.3601,24.525,22.7693,2.34,93,0.566666667,6.9
1985,1,63.2954,55.6283,55.9765,27.4092,29.9031,32.1989,0.866666667,94.1,1.076666667,16.2
1985,2,77.9606,75.9683,75.9795,22.1485,20.3278,20.457,0.866666667,94.1,1.076666667,16.2
1985,3,66.1766,64.2857,65.8346,33.5494,33.3008,32.7009,0.866666667,94.1,1.076666667,16.2
1985,4,75.6249,62.5468,52.8954,15.367,18.5031,18.9544,0.866666667,94.1,1.076666667,16.2
1985,5,62.1929,57.4808,57.6977,47.348,44.4293,41.0616,0.866666667,94.1,1.076666667,16.2
1985,6,45.8809,53.2429,55.0404,40.0957,34.8306,31.2673,0.866666667,94.1,1.076666667,16.2
1985,7,73.7085,62.1876,47.7953,18.4182,19.6396,19.2183,0.866666667,94.1,1.076666667,16.2
1985,8,59.9554,47.2368,35.7143,25.4897,27.9814,29.8763,2.06,94.6,2.12,16
1985,9,36.8899,32.6652,32.8432,33.1671,33.6306,36.0986,0.866666667,94.1,1.076666667,16.2
1985,10,75.7953,79.5054,79.1714,18.817,17.903,19.7728,2.06,94.6,2.12,16
1985,11,91.348,90.7795,90.0832,15.1753,16.019,16.0191,2.06,94.6,2.12,16
1985,12,59.397,53.3698,48.327,40.0153,44.4296,43.7288,0.866666667,94.1,1.076666667,16.2
1985,13,51.1849,47.4125,44.4619,28.6446,26.2301,26.2197,2.06,94.6,2.12,16
1985,14,56.4346,54.7938,55.879,23.171,28.3556,28.9828,-0.053333333,92.5,0.81,13.4
1985,15,50.3175,61.3649,51.2991,28.0855,24.5887,32.8721,0.866666667,94.1,1.076666667,16.2
1985,16,58.1961,55.3417,48.1192,25.1836,29.6212,34.1099,-0.053333333,92.5,0.81,13.4
1985,17,49.7729,48.187,42.896,22.3601,24.525,22.7693,-0.053333333,92.5,0.81,13.4
1986,1,63.2954,56.5346,55.6934,27.4092,29.3226,32.396,0.396666667,94.7,0.223333333,17.9
1986,2,88.7279,83.6456,82.4343,20.066,19.6916,20.2055,0.396666667,94.7,0.223333333,17.9
1986,3,73.0429,72.3107,74.8781,35.7764,35.5606,35.3556,0.396666667,94.7,0.223333333,17.9
1986,4,76.8064,64.1399,55.6918,15.0395,18.6653,19.1758,0.396666667,94.7,0.223333333,17.9
1986,5,64.426,59.6927,58.6111,46.5556,43.4204,40.2287,0.396666667,94.7,0.223333333,17.9
1986,6,46.8292,53.6747,54.5213,39.6288,34.4068,31.5549,0.396666667,94.7,0.223333333,17.9
1986,7,74.2904,63.1038,49.8303,18.1506,19.3612,19.2168,0.396666667,94.7,0.223333333,17.9
1986,8,61.3313,50.449,40.831,26.6363,30.6317,33.1342,2.236666667,95.3,0.366666667,17.6
1986,9,52.6666,49.8203,49.4095,38.8617,40.8579,40.6552,0.396666667,94.7,0.223333333,17.9
1986,10,81.8093,85.5147,84.1346,20.4703,19.6081,21.0149,2.236666667,95.3,0.366666667,17.6
1986,11,91.348,90.9403,91.2722,15.1753,16.0454,16.0222,2.236666667,95.3,0.366666667,17.6
1986,12,64.8716,57.7434,55.3383,39.2258,43.9392,42.9962,0.396666667,94.7,0.223333333,17.9
1986,13,58.7299,53.2868,50.461,30.8833,28.5554,28.9973,2.236666667,95.3,0.366666667,17.6
1986,14,78.3143,70.7689,62.5598,21.168,26.3629,28.2259,-2.916666667,93.7,0.163333333,16
1986,15,45.1839,59.4245,50.6309,31.0269,25.6034,33.2221,0.396666667,94.7,0.223333333,17.9
1986,16,59.3145,58.1345,50.4956,24.9689,30.3486,34.9504,-2.916666667,93.7,0.163333333,16
1986,17,51.0856,50.1515,45.03,22.4347,24.934,22.927,-2.916666667,93.7,0.163333333,16
1987,1,63.2954,56.5346,55.6934,27.4092,29.3226,32.396,2.656666667,90.9,0.813333333,21
1987,2,88.7279,83.6456,82.4343,20.066,19.6916,20.2055,2.656666667,90.9,0.813333333,21
1987,3,73.0429,72.3107,74.8781,35.7764,35.5606,35.3556,2.656666667,90.9,0.813333333,21
1987,4,76.8064,64.1399,55.6918,15.0395,18.6653,19.1758,2.656666667,90.9,0.813333333,21
1987,5,64.426,59.6927,58.6111,46.5556,43.4204,40.2287,2.656666667,90.9,0.813333333,21
1987,6,46.8292,53.6747,54.5213,39.6288,34.4068,31.5549,2.656666667,90.9,0.813333333,21
1987,7,74.2904,63.1038,49.8303,18.1506,19.3612,19.2168,2.656666667,90.9,0.813333333,21
1987,8,61.3313,50.449,40.831,26.6363,30.6317,33.1342,4.656666667,90.3,1.39,21.1
1987,9,52.6666,49.8203,49.4095,38.8617,40.8579,40.6552,2.656666667,90.9,0.813333333,21
1987,10,81.8093,85.5147,84.1346,20.4703,19.6081,21.0149,4.656666667,90.3,1.39,21.1
1987,11,91.348,90.9403,91.2722,15.1753,16.0454,16.0222,4.656666667,90.3,1.39,21.1
1987,12,64.8716,57.7434,55.3383,39.2258,43.9392,42.9962,2.656666667,90.9,0.813333333,21
1987,13,58.7299,53.2868,50.461,30.8833,28.5554,28.9973,4.656666667,90.3,1.39,21.1
1987,14,78.3143,70.7689,62.5598,21.168,26.3629,28.2259,2.553333333,90.6,0.763333333,20.3
1987,15,45.1839,59.4245,50.6309,31.0269,25.6034,33.2221,2.656666667,90.9,0.813333333,21
1987,16,59.3145,58.1345,50.4956,24.9689,30.3486,34.9504,2.553333333,90.6,0.763333333,20.3
1987,17,51.0856,50.1515,45.03,22.4347,24.934,22.927,2.553333333,90.6,0.763333333,20.3
1988,1,63.2954,56.5346,55.6934,27.4092,29.3226,32.396,-1.3,93.2,0.486666667,13.9
1988,2,88.7279,83.6456,82.4343,20.066,19.6916,20.2055,-1.3,93.2,0.486666667,13.9
1988,3,73.0429,72.3107,74.8781,35.7764,35.5606,35.3556,-1.3,93.2,0.486666667,13.9
1988,4,76.8064,64.1399,55.6918,15.0395,18.6653,19.1758,-1.3,93.2,0.486666667,13.9
1988,5,64.426,59.6927,58.6111,46.5556,43.4204,40.2287,-1.3,93.2,0.486666667,13.9
1988,6,46.8292,53.6747,54.5213,39.6288,34.4068,31.5549,-1.3,93.2,0.486666667,13.9
1988,7,74.2904,63.1038,49.8303,18.1506,19.3612,19.2168,-1.3,93.2,0.486666667,13.9
1988,8,61.3313,50.449,40.831,26.6363,30.6317,33.1342,-1.283333333,94.3,0.83,16.4
1988,9,52.6666,49.8203,49.4095,38.8617,40.8579,40.6552,-1.3,93.2,0.486666667,13.9
1988,10,81.8093,85.5147,84.1346,20.4703,19.6081,21.0149,-1.283333333,94.3,0.83,16.4
1988,11,91.348,90.9403,91.2722,15.1753,16.0454,16.0222,-1.283333333,94.3,0.83,16.4
1988,12,64.8716,57.7434,55.3383,39.2258,43.9392,42.9962,-1.3,93.2,0.486666667,13.9
1988,13,58.7299,53.2868,50.461,30.8833,28.5554,28.9973,-1.283333333,94.3,0.83,16.4
1988,14,78.3143,70.7689,62.5598,21.168,26.3629,28.2259,-2.036666667,92.3,0.493333333,12
1988,15,45.1839,59.4245,50.6309,31.0269,25.6034,33.2221,-1.3,93.2,0.486666667,13.9
1988,16,59.3145,58.1345,50.4956,24.9689,30.3486,34.9504,-2.036666667,92.3,0.493333333,12
1988,17,51.0856,50.1515,45.03,22.4347,24.934,22.927,-2.036666667,92.3,0.493333333,12
1989,1,63.2954,56.5346,55.6934,27.4092,29.3226,32.396,2.736666667,89.7,0.246666667,14.5
1989,2,88.7279,83.6456,82.4343,20.066,19.6916,20.2055,2.736666667,89.7,0.246666667,14.5
1989,3,73.0429,72.3107,74.8781,35.7764,35.5606,35.3556,2.736666667,89.7,0.246666667,14.5
1989,4,76.8064,64.1399,55.6918,15.0395,18.6653,19.1758,2.736666667,89.7,0.246666667,14.5
1989,5,64.426,59.6927,58.6111,46.5556,43.4204,40.2287,2.736666667,89.7,0.246666667,14.5
1989,6,46.8292,53.6747,54.5213,39.6288,34.4068,31.5549,2.736666667,89.7,0.246666667,14.5
1989,7,74.2904,63.1038,49.8303,18.1506,19.3612,19.2168,2.736666667,89.7,0.246666667,14.5
1989,8,61.3313,50.449,40.831,26.6363,30.6317,33.1342,1.773333333,89.6,0.406666667,15.9
1989,9,52.6666,49.8203,49.4095,38.8617,40.8579,40.6552,2.736666667,89.7,0.246666667,14.5
1989,10,81.8093,85.5147,84.1346,20.4703,19.6081,21.0149,1.773333333,89.6,0.406666667,15.9
1989,11,91.348,90.9403,91.2722,15.1753,16.0454,16.0222,1.773333333,89.6,0.406666667,15.9
1989,12,64.8716,57.7434,55.3383,39.2258,43.9392,42.9962,2.736666667,89.7,0.246666667,14.5
1989,13,58.7299,53.2868,50.461,30.8833,28.5554,28.9973,1.773333333,89.6,0.406666667,15.9
1989,14,78.3143,70.7689,62.5598,21.168,26.3629,28.2259,-2.056666667,90,0.203333333,12.6
1989,15,45.1839,59.4245,50.6309,31.0269,25.6034,33.2221,2.736666667,89.7,0.246666667,14.5
1989,16,59.3145,58.1345,50.4956,24.9689,30.3486,34.9504,-2.056666667,90,0.203333333,12.6
1989,17,51.0856,50.1515,45.03,22.4347,24.934,22.927,-2.056666667,90,0.203333333,12.6
1990,1,63.2954,56.5346,55.6934,27.4092,29.3226,32.396,1.956666667,92.4,1.023333333,14.1
1990,2,88.7279,83.6456,82.4343,20.066,19.6916,20.2055,1.956666667,92.4,1.023333333,14.1
1990,3,73.0429,72.3107,74.8781,35.7764,35.5606,35.3556,1.956666667,92.4,1.023333333,14.1
1990,4,76.8064,64.1399,55.6918,15.0395,18.6653,19.1758,1.956666667,92.4,1.023333333,14.1
1990,5,64.426,59.6927,58.6111,46.5556,43.4204,40.2287,1.956666667,92.4,1.023333333,14.1
1990,6,46.8292,53.6747,54.5213,39.6288,34.4068,31.5549,1.956666667,92.4,1.023333333,14.1
1990,7,74.2904,63.1038,49.8303,18.1506,19.3612,19.2168,1.956666667,92.4,1.023333333,14.1
1990,8,61.3313,50.449,40.831,26.6363,30.6317,33.1342,-0.846666667,93,1.29,13.6
1990,9,52.6666,49.8203,49.4095,38.8617,40.8579,40.6552,1.956666667,92.4,1.023333333,14.1
1990,10,81.8093,85.5147,84.1346,20.4703,19.6081,21.0149,-0.846666667,93,1.29,13.6
1990,11,91.348,90.9403,91.2722,15.1753,16.0454,16.0222,-0.846666667,93,1.29,13.6
1990,12,64.8716,57.7434,55.3383,39.2258,43.9392,42.9962,1.956666667,92.4,1.023333333,14.1
1990,13,58.7299,53.2868,50.461,30.8833,28.5554,28.9973,-0.846666667,93,1.29,13.6
1990,14,78.3143,70.7689,62.5598,21.168,26.3629,28.2259,1.74,91.3,0.756666667,13.1
1990,15,45.1839,59.4245,50.6309,31.0269,25.6034,33.2221,1.956666667,92.4,1.023333333,14.1
1990,16,59.3145,58.1345,50.4956,24.9689,30.3486,34.9504,1.74,91.3,0.756666667,13.1
1990,17,51.0856,50.1515,45.03,22.4347,24.934,22.927,1.74,91.3,0.756666667,13.1
1991,1,63.2954,56.5346,55.6934,27.4092,29.3226,32.396,-2.1,93.1,0.246666667,14.2
1991,2,88.7279,83.6456,82.4343,20.066,19.6916,20.2055,-2.1,93.1,0.246666667,14.2
1991,3,73.0429,72.3107,74.8781,35.7764,35.5606,35.3556,-2.1,93.1,0.246666667,14.2
1991,4,76.8064,64.1399,55.6918,15.0395,18.6653,19.1758,-2.1,93.1,0.246666667,14.2
1991,5,64.426,59.6927,58.6111,46.5556,43.4204,40.2287,-2.1,93.1,0.246666667,14.2
1991,6,46.8292,53.6747,54.5213,39.6288,34.4068,31.5549,-2.1,93.1,0.246666667,14.2
1991,7,74.2904,63.1038,49.8303,18.1506,19.3612,19.2168,-2.1,93.1,0.246666667,14.2
1991,8,61.3313,50.449,40.831,26.6363,30.6317,33.1342,-3.596666667,95.8,0.326666667,17.4
1991,9,52.6666,49.8203,49.4095,38.8617,40.8579,40.6552,-2.1,93.1,0.246666667,14.2
1991,10,81.8093,85.5147,84.1346,20.4703,19.6081,21.0149,-3.596666667,95.8,0.326666667,17.4
1991,11,91.348,90.9403,91.2722,15.1753,16.0454,16.0222,-3.596666667,95.8,0.326666667,17.4
1991,12,64.8716,57.7434,55.3383,39.2258,43.9392,42.9962,-2.1,93.1,0.246666667,14.2
1991,13,58.7299,53.2868,50.461,30.8833,28.5554,28.9973,-3.596666667,95.8,0.326666667,17.4
1991,14,78.3143,70.7689,62.5598,21.168,26.3629,28.2259,-1.893333333,92.9,0.25,13.2
1991,15,45.1839,59.4245,50.6309,31.0269,25.6034,33.2221,-2.1,93.1,0.246666667,14.2
1991,16,59.3145,58.1345,50.4956,24.9689,30.3486,34.9504,-1.893333333,92.9,0.25,13.2
1991,17,51.0856,50.1515,45.03,22.4347,24.934,22.927,-1.893333333,92.9,0.25,13.2
1992,1,63.2954,56.5346,55.6934,27.4092,29.3226,32.396,2.013333333,89,0.86,23.5
1992,2,88.7279,83.6456,82.4343,20.066,19.6916,20.2055,2.013333333,89,0.86,23.5
1992,3,73.0429,72.3107,74.8781,35.7764,35.5606,35.3556,2.013333333,89,0.86,23.5
1992,4,76.8064,64.1399,55.6918,15.0395,18.6653,19.1758,2.013333333,89,0.86,23.5
1992,5,64.426,59.6927,58.6111,46.5556,43.4204,40.2287,2.013333333,89,0.86,23.5
1992,6,46.8292,53.6747,54.5213,39.6288,34.4068,31.5549,2.013333333,89,0.86,23.5
1992,7,74.2904,63.1038,49.8303,18.1506,19.3612,19.2168,2.013333333,89,0.86,23.5
1992,8,61.3313,50.449,40.831,26.6363,30.6317,33.1342,2.126666667,90.7,1.103333333,27.3
1992,9,52.6666,49.8203,49.4095,38.8617,40.8579,40.6552,2.013333333,89,0.86,23.5
1992,10,81.8093,85.5147,84.1346,20.4703,19.6081,21.0149,2.126666667,90.7,1.103333333,27.3
1992,11,91.348,90.9403,91.2722,15.1753,16.0454,16.0222,2.126666667,90.7,1.103333333,27.3
1992,12,64.8716,57.7434,55.3383,39.2258,43.9392,42.9962,2.013333333,89,0.86,23.5
1992,13,58.7299,53.2868,50.461,30.8833,28.5554,28.9973,2.126666667,90.7,1.103333333,27.3
1992,14,78.3143,70.7689,62.5598,21.168,26.3629,28.2259,2.15,86.7,1.013333333,22.8
1992,15,45.1839,59.4245,50.6309,31.0269,25.6034,33.2221,2.013333333,89,0.86,23.5
1992,16,59.3145,58.1345,50.4956,24.9689,30.3486,34.9504,2.15,86.7,1.013333333,22.8
1992,17,51.0856,50.1515,45.03,22.4347,24.934,22.927,2.15,86.7,1.013333333,22.8
1993,1,63.2954,56.5346,55.6934,27.4092,29.3226,32.396,5.1,91.2,1.32,16.2
1993,2,88.7279,83.6456,82.4343,20.066,19.6916,20.2055,5.1,91.2,1.32,16.2
1993,3,73.0429,72.3107,74.8781,35.7764,35.5606,35.3556,5.1,91.2,1.32,16.2
1993,4,76.8064,64.1399,55.6918,15.0395,18.6653,19.1758,5.1,91.2,1.32,16.2
1993,5,64.426,59.6927,58.6111,46.5556,43.4204,40.2287,5.1,91.2,1.32,16.2
1993,6,46.8292,53.6747,54.5213,39.6288,34.4068,31.5549,5.1,91.2,1.32,16.2
1993,7,74.2904,63.1038,49.8303,18.1506,19.3612,19.2168,5.1,91.2,1.32,16.2
1993,8,61.3313,50.449,40.831,26.6363,30.6317,33.1342,5.823333333,91.6,1.82,19.1
1993,9,52.6666,49.8203,49.4095,38.8617,40.8579,40.6552,5.1,91.2,1.32,16.2
1993,10,81.8093,85.5147,84.1346,20.4703,19.6081,21.0149,5.823333333,91.6,1.82,19.1
1993,11,91.348,90.9403,91.2722,15.1753,16.0454,16.0222,5.823333333,91.6,1.82,19.1
1993,12,64.8716,57.7434,55.3383,39.2258,43.9392,42.9962,5.1,91.2,1.32,16.2
1993,13,58.7299,53.2868,50.461,30.8833,28.5554,28.9973,5.823333333,91.6,1.82,19.1
1993,14,78.3143,70.7689,62.5598,21.168,26.3629,28.2259,7.01,88.3,1.303333333,13.4
1993,15,45.1839,59.4245,50.6309,31.0269,25.6034,33.2221,5.1,91.2,1.32,16.2
1993,16,59.3145,58.1345,50.4956,24.9689,30.3486,34.9504,7.01,88.3,1.303333333,13.4
1993,17,51.0856,50.1515,45.03,22.4347,24.934,22.927,7.01,88.3,1.303333333,13.4
1994,1,62.7092,54.0419,54.4329,27.4547,30.1361,32.7051,1.66,93.4,0.443333333,16.7
1994,2,88.7279,83.6456,82.4343,20.066,19.6916,20.2055,1.66,93.4,0.443333333,16.7
1994,3,74.1841,72.9429,75.1434,36.0141,35.6923,35.4109,1.66,93.4,0.443333333,16.7
1994,4,83.3539,74.8947,67.5093,15.1362,18.6546,19.1861,1.66,93.4,0.443333333,16.7
1994,5,62.4879,57.5353,57.5468,47.8468,44.5215,40.7719,1.66,93.4,0.443333333,16.7
1994,6,46.8338,54.8896,55.4183,39.3462,34.066,31.3029,1.66,93.4,0.443333333,16.7
1994,7,75.5296,67.6078,59.3023,18.2698,19.3101,19.5508,1.66,93.4,0.443333333,16.7
1994,8,61.936,51.992,43.3122,26.3004,30.8042,33.5531,-1.826666667,92.8,0.54,19.4
1994,9,53.3009,50.1537,49.5968,38.5556,40.7457,40.5921,1.66,93.4,0.443333333,16.7
1994,10,81.8093,85.8013,85.1625,20.4703,19.4572,20.6211,-1.826666667,92.8,0.54,19.4
1994,11,91.0064,90.7437,91.2117,15.5261,16.2785,16.1898,-1.826666667,92.8,0.54,19.4
1994,12,65.2736,58.1798,56.8993,39.25,43.9425,43.0806,1.66,93.4,0.443333333,16.7
1994,13,63.0657,57.9346,56.1013,29.4668,28.0493,29.1382,-1.826666667,92.8,0.54,19.4
1994,14,80.202,72.7054,64.3122,21.2633,26.3875,28.3688,4.896666667,91.5,0.433333333,14.7
1994,15,44.5159,59.1654,49.8345,30.9944,25.5121,33.3893,1.66,93.4,0.443333333,16.7
1994,16,62.6252,60.264,52.4187,25.0775,30.8247,34.9575,4.896666667,91.5,0.433333333,14.7
1994,17,57.3575,53.4957,47.0804,21.6741,24.6153,22.9563,4.896666667,91.5,0.433333333,14.7
1995,1,62.7092,54.0419,54.4329,27.4547,30.1361,32.7051,1.89,94.6,0.44,21.2
1995,2,88.7279,83.6456,82.4343,20.066,19.6916,20.2055,1.89,94.6,0.44,21.2
1995,3,74.1841,72.9429,75.1434,36.0141,35.6923,35.4109,1.89,94.6,0.44,21.2
1995,4,83.3539,74.8947,67.5093,15.1362,18.6546,19.1861,1.89,94.6,0.44,21.2
1995,5,62.4879,57.5353,57.5468,47.8468,44.5215,40.7719,1.89,94.6,0.44,21.2
1995,6,46.8338,54.8896,55.4183,39.3462,34.066,31.3029,1.89,94.6,0.44,21.2
1995,7,75.5296,67.6078,59.3023,18.2698,19.3101,19.5508,1.89,94.6,0.44,21.2
1995,8,61.936,51.992,43.3122,26.3004,30.8042,33.5531,3.426666667,92.8,0.726666667,22
1995,9,53.3009,50.1537,49.5968,38.5556,40.7457,40.5921,1.89,94.6,0.44,21.2
1995,10,81.8093,85.8013,85.1625,20.4703,19.4572,20.6211,3.426666667,92.8,0.726666667,22
1995,11,91.0064,90.7437,91.2117,15.5261,16.2785,16.1898,3.426666667,92.8,0.726666667,22
1995,12,65.2736,58.1798,56.8993,39.25,43.9425,43.0806,1.89,94.6,0.44,21.2
1995,13,63.0657,57.9346,56.1013,29.4668,28.0493,29.1382,3.426666667,92.8,0.726666667,22
1995,14,80.202,72.7054,64.3122,21.2633,26.3875,28.3688,5.523333333,93.8,0.573333333,19.5
1995,15,44.5159,59.1654,49.8345,30.9944,25.5121,33.3893,1.89,94.6,0.44,21.2
1995,16,62.6252,60.264,52.4187,25.0775,30.8247,34.9575,5.523333333,93.8,0.573333333,19.5
1995,17,57.3575,53.4957,47.0804,21.6741,24.6153,22.9563,5.523333333,93.8,0.573333333,19.5
1996,1,62.7092,54.0419,54.3656,27.4547,30.1361,32.6987,1.426666667,89.7,0.213333333,14.1
1996,2,88.7279,83.6456,82.5311,20.066,19.6916,20.124,1.426666667,89.7,0.213333333,14.1
1996,3,74.1841,72.9429,75.212,36.0141,35.6923,35.3765,1.426666667,89.7,0.213333333,14.1
1996,4,82.6139,74.4716,66.7972,15.1612,18.6688,19.605,1.426666667,89.7,0.213333333,14.1
1996,5,62.4879,57.5353,57.5468,47.8468,44.5215,40.7719,1.426666667,89.7,0.213333333,14.1
1996,6,45.3667,53.7738,54.6498,39.6349,34.4275,31.6287,1.426666667,89.7,0.213333333,14.1
1996,7,74.5933,67.0881,59.0892,18.7589,19.5816,19.6621,1.426666667,89.7,0.213333333,14.1
1996,8,61.8778,51.9937,42.7968,26.9722,31.4071,34.0362,-0.14,90.9,0.34,16.2
1996,9,53.2304,49.3889,49.1672,38.6517,41.0211,40.7468,1.426666667,89.7,0.213333333,14.1
1996,10,82.2457,85.9705,85.316,20.3483,19.552,20.5976,-0.14,90.9,0.34,16.2
1996,11,92.7603,92.6113,92.0395,15.2829,16.1646,16.2368,-0.14,90.9,0.34,16.2
1996,12,67.0619,59.0512,56.94,39.3869,43.8033,42.2516,1.426666667,89.7,0.213333333,14.1
1996,13,62.1827,57.4228,55.8298,30.4145,28.6572,29.7273,-0.14,90.9,0.34,16.2
1996,14,80.202,72.7054,64.1759,21.2633,26.3875,28.3992,1.876666667,88.7,0.153333333,12
1996,15,44.5159,59.1654,49.4614,30.9944,25.5121,33.4627,1.426666667,89.7,0.213333333,14.1
1996,16,62.1679,57.9965,51.2235,24.7967,30.1961,34.2788,1.876666667,88.7,0.153333333,12
1996,17,56.6687,52.9511,46.5576,20.2998,23.0096,21.5191,1.876666667,88.7,0.153333333,12
1997,1,62.7092,54.0419,54.3656,27.4547,30.1361,32.6987,2.303333333,92.7,0.366666667,17.2
1997,2,88.7279,83.6456,82.5311,20.066,19.6916,20.124,2.303333333,92.7,0.366666667,17.2
1997,3,74.1841,72.9429,75.212,36.0141,35.6923,35.3765,2.303333333,92.7,0.366666667,17.2
1997,4,82.6139,74.4716,66.7972,15.1612,18.6688,19.605,2.303333333,92.7,0.366666667,17.2
1997,5,62.4879,57.5353,57.5468,47.8468,44.5215,40.7719,2.303333333,92.7,0.366666667,17.2
1997,6,45.3667,53.7738,54.6498,39.6349,34.4275,31.6287,2.303333333,92.7,0.366666667,17.2
1997,7,74.5933,67.0881,59.0892,18.7589,19.5816,19.6621,2.303333333,92.7,0.366666667,17.2
1997,8,61.8778,51.9937,42.7968,26.9722,31.4071,34.0362,4.043333333,91.4,0.923333333,19
1997,9,53.2304,49.3889,49.1672,38.6517,41.0211,40.7468,2.303333333,92.7,0.366666667,17.2
1997,10,82.2457,85.9705,85.316,20.3483,19.552,20.5976,4.043333333,91.4,0.923333333,19
1997,11,92.7603,92.6113,92.0395,15.2829,16.1646,16.2368,4.043333333,91.4,0.923333333,19
1997,12,67.0619,59.0512,56.94,39.3869,43.8033,42.2516,2.303333333,92.7,0.366666667,17.2
1997,13,62.1827,57.4228,55.8298,30.4145,28.6572,29.7273,4.043333333,91.4,0.923333333,19
1997,14,80.202,72.7054,64.1759,21.2633,26.3875,28.3992,0.853333333,91.6,0.38,14.5
1997,15,44.5159,59.1654,49.4614,30.9944,25.5121,33.4627,2.303333333,92.7,0.366666667,17.2
1997,16,62.1679,57.9965,51.2235,24.7967,30.1961,34.2788,0.853333333,91.6,0.38,14.5
1997,17,56.6687,52.9511,46.5576,20.2998,23.0096,21.5191,0.853333333,91.6,0.38,14.5
1998,1,62.7092,54.0419,54.3656,27.4547,30.1361,32.6987,2.28,93.3,0.803333333,22.8
1998,2,88.7279,83.6456,82.5311,20.066,19.6916,20.124,2.28,93.3,0.803333333,22.8
1998,3,74.1841,72.9429,75.212,36.0141,35.6923,35.3765,2.28,93.3,0.803333333,22.8
1998,4,82.6139,74.4716,66.7972,15.1612,18.6688,19.605,2.28,93.3,0.803333333,22.8
1998,5,62.4879,57.5353,57.5468,47.8468,44.5215,40.7719,2.28,93.3,0.803333333,22.8
1998,6,45.3667,53.7738,54.6498,39.6349,34.4275,31.6287,2.28,93.3,0.803333333,22.8
1998,7,74.5933,67.0881,59.0892,18.7589,19.5816,19.6621,2.28,93.3,0.803333333,22.8
1998,8,61.8778,51.9937,42.7968,26.9722,31.4071,34.0362,2.346666667,93,1.413333333,24.7
1998,9,53.2304,49.3889,49.1672,38.6517,41.0211,40.7468,2.28,93.3,0.803333333,22.8
1998,10,82.2457,85.9705,85.316,20.3483,19.552,20.5976,2.346666667,93,1.413333333,24.7
1998,11,92.7603,92.6113,92.0395,15.2829,16.1646,16.2368,2.346666667,93,1.413333333,24.7
1998,12,67.0619,59.0512,56.94,39.3869,43.8033,42.2516,2.28,93.3,0.803333333,22.8
1998,13,62.1827,57.4228,55.8298,30.4145,28.6572,29.7273,2.346666667,93,1.413333333,24.7
1998,14,80.202,72.7054,64.1759,21.2633,26.3875,28.3992,1.763333333,91.2,0.68,21.5
1998,15,44.5159,59.1654,49.4614,30.9944,25.5121,33.4627,2.28,93.3,0.803333333,22.8
1998,16,62.1679,57.9965,51.2235,24.7967,30.1961,34.2788,1.763333333,91.2,0.68,21.5
1998,17,56.6687,52.9511,46.5576,20.2998,23.0096,21.5191,1.763333333,91.2,0.68,21.5
1999,1,62.7092,54.0419,54.3656,27.4547,30.1361,32.6987,3.956666667,93.8,0.533333333,20.8
1999,2,88.7279,83.6456,82.5311,20.066,19.6916,20.124,3.956666667,93.8,0.533333333,20.8
1999,3,74.1841,72.9429,75.212,36.0141,35.6923,35.3765,3.956666667,93.8,0.533333333,20.8
1999,4,82.6139,74.4716,66.7972,15.1612,18.6688,19.605,3.956666667,93.8,0.533333333,20.8
1999,5,62.4879,57.5353,57.5468,47.8468,44.5215,40.7719,3.956666667,93.8,0.533333333,20.8
1999,6,45.3667,53.7738,54.6498,39.6349,34.4275,31.6287,3.956666667,93.8,0.533333333,20.8
1999,7,74.5933,67.0881,59.0892,18.7589,19.5816,19.6621,3.956666667,93.8,0.533333333,20.8
1999,8,61.8778,51.9937,42.7968,26.9722,31.4071,34.0362,4.33,93.2,0.97,22.1
1999,9,53.2304,49.3889,49.1672,38.6517,41.0211,40.7468,3.956666667,93.8,0.533333333,20.8
1999,10,82.2457,85.9705,85.316,20.3483,19.552,20.5976,4.33,93.2,0.97,22.1
1999,11,92.7603,92.6113,92.0395,15.2829,16.1646,16.2368,4.33,93.2,0.97,22.1
1999,12,67.0619,59.0512,56.94,39.3869,43.8033,42.2516,3.956666667,93.8,0.533333333,20.8
1999,13,62.1827,57.4228,55.8298,30.4145,28.6572,29.7273,4.33,93.2,0.97,22.1
1999,14,80.202,72.7054,64.1759,21.2633,26.3875,28.3992,2.163333333,92.8,0.32,19.2
1999,15,44.5159,59.1654,49.4614,30.9944,25.5121,33.4627,3.956666667,93.8,0.533333333,20.8
1999,16,62.1679,57.9965,51.2235,24.7967,30.1961,34.2788,2.163333333,92.8,0.32,19.2
1999,17,56.6687,52.9511,46.5576,20.2998,23.0096,21.5191,2.163333333,92.8,0.32,19.2
2000,1,62.7092,54.0419,54.3656,27.4547,30.1361,32.6987,-0.613333333,96.9,0.283333333,20
2000,2,88.7279,83.6456,82.5311,20.066,19.6916,20.124,-0.613333333,96.9,0.283333333,20
2000,3,74.1841,72.9429,75.212,36.0141,35.6923,35.3765,-0.613333333,96.9,0.283333333,20
2000,4,82.6139,74.4716,66.7972,15.1612,18.6688,19.605,-0.613333333,96.9,0.283333333,20
2000,5,62.4879,57.5353,57.5468,47.8468,44.5215,40.7719,-0.613333333,96.9,0.283333333,20
2000,6,45.3667,53.7738,54.6498,39.6349,34.4275,31.6287,-0.613333333,96.9,0.283333333,20
2000,7,74.5933,67.0881,59.0892,18.7589,19.5816,19.6621,-0.613333333,96.9,0.283333333,20
2000,8,61.8778,51.9937,42.7968,26.9722,31.4071,34.0362,3.243333333,98.9,1.55,22.5
2000,9,53.2304,49.3889,49.1672,38.6517,41.0211,40.7468,-0.613333333,96.9,0.283333333,20
2000,10,82.2457,85.9705,85.316,20.3483,19.552,20.5976,3.243333333,98.9,1.55,22.5
2000,11,92.7603,92.6113,92.0395,15.2829,16.1646,16.2368,3.243333333,98.9,1.55,22.5
2000,12,67.0619,59.0512,56.94,39.3869,43.8033,42.2516,-0.613333333,96.9,0.283333333,20
2000,13,62.1827,57.4228,55.8298,30.4145,28.6572,29.7273,3.243333333,98.9,1.55,22.5
2000,14,80.202,72.7054,64.1759,21.2633,26.3875,28.3992,-1.353333333,95.9,0.353333333,19.3
2000,15,44.5159,59.1654,49.4614,30.9944,25.5121,33.4627,-0.613333333,96.9,0.283333333,20
2000,16,62.1679,57.9965,51.2235,24.7967,30.1961,34.2788,-1.353333333,95.9,0.353333333,19.3
2000,17,56.6687,52.9511,46.5576,20.2998,23.0096,21.5191,-1.353333333,95.9,0.353333333,19.3
2001,1,62.7092,54.0419,54.3656,27.4547,30.1361,32.6987,-0.04,98.8,0.74,16.1
2001,2,88.7279,83.6456,82.5311,20.066,19.6916,20.124,-0.04,98.8,0.74,16.1
2001,3,74.1841,72.9429,75.212,36.0141,35.6923,35.3765,-0.04,98.8,0.74,16.1
2001,4,82.6139,74.4716,66.7972,15.1612,18.6688,19.605,-0.04,98.8,0.74,16.1
2001,5,62.4879,57.5353,57.5468,47.8468,44.5215,40.7719,-0.04,98.8,0.74,16.1
2001,6,45.3667,53.7738,54.6498,39.6349,34.4275,31.6287,-0.04,98.8,0.74,16.1
2001,7,74.5933,67.0881,59.0892,18.7589,19.5816,19.6621,-0.04,98.8,0.74,16.1
2001,8,61.8778,51.9937,42.7968,26.9722,31.4071,34.0362,-0.32,99,1.553333333,15.7
2001,9,53.2304,49.3889,49.1672,38.6517,41.0211,40.7468,-0.04,98.8,0.74,16.1
2001,10,82.2457,85.9705,85.316,20.3483,19.552,20.5976,-0.32,99,1.553333333,15.7
2001,11,92.7603,92.6113,92.0395,15.2829,16.1646,16.2368,-0.32,99,1.553333333,15.7
2001,12,67.0619,59.0512,56.94,39.3869,43.8033,42.2516,-0.04,98.8,0.74,16.1
2001,13,62.1827,57.4228,55.8298,30.4145,28.6572,29.7273,-0.32,99,1.553333333,15.7
2001,14,80.202,72.7054,64.1759,21.2633,26.3875,28.3992,1.49,96.8,0.68,14.6
2001,15,44.5159,59.1654,49.4614,30.9944,25.5121,33.4627,-0.04,98.8,0.74,16.1
2001,16,62.1679,57.9965,51.2235,24.7967,30.1961,34.2788,1.49,96.8,0.68,14.6
2001,17,56.6687,52.9511,46.5576,20.2998,23.0096,21.5191,1.49,96.8,0.68,14.6
2002,1,62.7092,54.0419,54.3656,27.4547,30.1361,32.6987,-3.99,94.7,0.273333333,18.3
2002,2,88.7279,83.6456,82.5311,20.066,19.6916,20.124,-3.99,94.7,0.273333333,18.3
2002,3,74.1841,72.9429,75.212,36.0141,35.6923,35.3765,-3.99,94.7,0.273333333,18.3
2002,4,82.6139,74.4716,66.7972,15.1612,18.6688,19.605,-3.99,94.7,0.273333333,18.3
2002,5,62.4879,57.5353,57.5468,47.8468,44.5215,40.7719,-3.99,94.7,0.273333333,18.3
2002,6,45.3667,53.7738,54.6498,39.6349,34.4275,31.6287,-3.99,94.7,0.273333333,18.3
2002,7,74.5933,67.0881,59.0892,18.7589,19.5816,19.6621,-3.99,94.7,0.273333333,18.3
2002,8,61.8778,51.9937,42.7968,26.9722,31.4071,34.0362,-2.596666667,93.4,0.653333333,21.6
2002,9,53.2304,49.3889,49.1672,38.6517,41.0211,40.7468,-3.99,94.7,0.273333333,18.3
2002,10,82.2457,85.9705,85.316,20.3483,19.552,20.5976,-2.596666667,93.4,0.653333333,21.6
2002,11,92.7603,92.6113,92.0395,15.2829,16.1646,16.2368,-2.596666667,93.4,0.653333333,21.6
2002,12,67.0619,59.0512,56.94,39.3869,43.8033,42.2516,-3.99,94.7,0.273333333,18.3
2002,13,62.1827,57.4228,55.8298,30.4145,28.6572,29.7273,-2.596666667,93.4,0.653333333,21.6
2002,14,80.202,72.7054,64.1759,21.2633,26.3875,28.3992,-4.273333333,95.1,0.296666667,16.9
2002,15,44.5159,59.1654,49.4614,30.9944,25.5121,33.4627,-3.99,94.7,0.273333333,18.3
2002,16,62.1679,57.9965,51.2235,24.7967,30.1961,34.2788,-4.273333333,95.1,0.296666667,16.9
2002,17,56.6687,52.9511,46.5576,20.2998,23.0096,21.5191,-4.273333333,95.1,0.296666667,16.9
2003,1,62.7092,54.0419,54.3656,27.4547,30.1361,32.6987,-1.156666667,98,0.503333333,19.2
2003,2,88.7279,83.6456,82.5311,20.066,19.6916,20.124,-1.156666667,98,0.503333333,19.2
2003,3,74.1841,72.9429,75.212,36.0141,35.6923,35.3765,-1.156666667,98,0.503333333,19.2
2003,4,82.6139,74.4716,66.7972,15.1612,18.6688,19.605,-1.156666667,98,0.503333333,19.2
2003,5,62.4879,57.5353,57.5468,47.8468,44.5215,40.7719,-1.156666667,98,0.503333333,19.2
2003,6,45.3667,53.7738,54.6498,39.6349,34.4275,31.6287,-1.156666667,98,0.503333333,19.2
2003,7,74.5933,67.0881,59.0892,18.7589,19.5816,19.6621,-1.156666667,98,0.503333333,19.2
2003,8,61.8778,51.9937,42.7968,26.9722,31.4071,34.0362,-0.07,97.8,0.853333333,21.1
2003,9,53.2304,49.3889,49.1672,38.6517,41.0211,40.7468,-1.156666667,98,0.503333333,19.2
2003,10,82.2457,85.9705,85.316,20.3483,19.552,20.5976,-0.07,97.8,0.853333333,21.1
2003,11,92.7603,92.6113,92.0395,15.2829,16.1646,16.2368,-0.07,97.8,0.853333333,21.1
2003,12,67.0619,59.0512,56.94,39.3869,43.8033,42.2516,-1.156666667,98,0.503333333,19.2
2003,13,62.1827,57.4228,55.8298,30.4145,28.6572,29.7273,-0.07,97.8,0.853333333,21.1
2003,14,80.202,72.7054,64.1759,21.2633,26.3875,28.3992,-1.516666667,97.7,0.26,17.2
2003,15,44.5159,59.1654,49.4614,30.9944,25.5121,33.4627,-1.156666667,98,0.503333333,19.2
2003,16,62.1679,57.9965,51.2235,24.7967,30.1961,34.2788,-1.516666667,97.7,0.26,17.2
2003,17,56.6687,52.9511,46.5576,20.2998,23.0096,21.5191,-1.516666667,97.7,0.26,17.2
2004,1,62.7092,54.0419,54.3656,27.4547,30.1361,32.6987,1.433333333,88,0.376666667,19.1
2004,2,88.7279,83.6456,82.5311,20.066,19.6916,20.124,1.433333333,88,0.376666667,19.1
2004,3,74.1841,72.9429,75.212,36.0141,35.6923,35.3765,1.433333333,88,0.376666667,19.1
2004,4,82.6139,74.4716,66.7972,15.1612,18.6688,19.605,1.433333333,88,0.376666667,19.1
2004,5,62.4879,57.5353,57.5468,47.8468,44.5215,40.7719,1.433333333,88,0.376666667,19.1
2004,6,45.3667,53.7738,54.6498,39.6349,34.4275,31.6287,1.433333333,88,0.376666667,19.1
2004,7,74.5933,67.0881,59.0892,18.7589,19.5816,19.6621,1.433333333,88,0.376666667,19.1
2004,8,61.8778,51.9937,42.7968,26.9722,31.4071,34.0362,1.563333333,88.2,1.126666667,20.9
2004,9,53.2304,49.3889,49.1672,38.6517,41.0211,40.7468,1.433333333,88,0.376666667,19.1
2004,10,82.2457,85.9705,85.316,20.3483,19.552,20.5976,1.563333333,88.2,1.126666667,20.9
2004,11,92.7603,92.6113,92.0395,15.2829,16.1646,16.2368,1.563333333,88.2,1.126666667,20.9
2004,12,67.0619,59.0512,56.94,39.3869,43.8033,42.2516,1.433333333,88,0.376666667,19.1
2004,13,62.1827,57.4228,55.8298,30.4145,28.6572,29.7273,1.563333333,88.2,1.126666667,20.9
2004,14,80.202,72.7054,64.1759,21.2633,26.3875,28.3992,1.216666667,86.8,0.336666667,16.6
2004,15,44.5159,59.1654,49.4614,30.9944,25.5121,33.4627,1.433333333,88,0.376666667,19.1
2004,16,62.1679,57.9965,51.2235,24.7967,30.1961,34.2788,1.216666667,86.8,0.336666667,16.6
2004,17,56.6687,52.9511,46.5576,20.2998,23.0096,21.5191,1.216666667,86.8,0.336666667,16.6
2005,1,62.7092,54.0419,54.3656,27.4547,30.1361,32.6987,1.65,93.5,0.773333333,21.7
2005,2,88.7279,83.6456,82.5311,20.066,19.6916,20.124,1.65,93.5,0.773333333,21.7
2005,3,74.1841,72.9429,75.212,36.0141,35.6923,35.3765,1.65,93.5,0.773333333,21.7
2005,4,82.6139,74.4716,66.7972,15.1612,18.6688,19.605,1.65,93.5,0.773333333,21.7
2005,5,62.4879,57.5353,57.5468,47.8468,44.5215,40.7719,1.65,93.5,0.773333333,21.7
2005,6,45.3667,53.7738,54.6498,39.6349,34.4275,31.6287,1.65,93.5,0.773333333,21.7
2005,7,74.5933,67.0881,59.0892,18.7589,19.5816,19.6621,1.65,93.5,0.773333333,21.7
2005,8,61.8778,51.9937,42.7968,26.9722,31.4071,34.0362,2.916666667,92,1.406666667,22.1
2005,9,53.2304,49.3889,49.1672,38.6517,41.0211,40.7468,1.65,93.5,0.773333333,21.7
2005,10,82.2457,85.9705,85.316,20.3483,19.552,20.5976,2.916666667,92,1.406666667,22.1
2005,11,92.7603,92.6113,92.0395,15.2829,16.1646,16.2368,2.916666667,92,1.406666667,22.1
2005,12,67.0619,59.0512,56.94,39.3869,43.8033,42.2516,1.65,93.5,0.773333333,21.7
2005,13,62.1827,57.4228,55.8298,30.4145,28.6572,29.7273,2.916666667,92,1.406666667,22.1
2005,14,80.202,72.7054,64.1759,21.2633,26.3875,28.3992,-0.26,93.9,0.586666667,19.6
2005,15,44.5159,59.1654,49.4614,30.9944,25.5121,33.4627,1.65,93.5,0.773333333,21.7
2005,16,62.1679,57.9965,51.2235,24.7967,30.1961,34.2788,-0.26,93.9,0.586666667,19.6
2005,17,56.6687,52.9511,46.5576,20.2998,23.0096,21.5191,-0.26,93.9,0.586666667,19.6
2006,1,62.7092,54.0419,54.3656,27.4547,30.1361,32.6987,-2.056666667,95.4,0.13,18.7
2006,2,88.7279,83.6456,82.5311,20.066,19.6916,20.124,-2.056666667,95.4,0.13,18.7
2006,3,74.1841,72.9429,75.212,36.0141,35.6923,35.3765,-2.056666667,95.4,0.13,18.7
2006,4,82.6139,74.4716,66.7972,15.1612,18.6688,19.605,-2.056666667,95.4,0.13,18.7
2006,5,62.4879,57.5353,57.5468,47.8468,44.5215,40.7719,-2.056666667,95.4,0.13,18.7
2006,6,45.3667,53.7738,54.6498,39.6349,34.4275,31.6287,-2.056666667,95.4,0.13,18.7
2006,7,74.5933,67.0881,59.0892,18.7589,19.5816,19.6621,-2.056666667,95.4,0.13,18.7
2006,8,61.8778,51.9937,42.7968,26.9722,31.4071,34.0362,-2.683333333,96.6,0.173333333,20.9
2006,9,53.2304,49.3889,49.1672,38.6517,41.0211,40.7468,-2.056666667,95.4,0.13,18.7
2006,10,82.2457,85.9705,85.316,20.3483,19.552,20.5976,-2.683333333,96.6,0.173333333,20.9
2006,11,92.7603,92.6113,92.0395,15.2829,16.1646,16.2368,-2.683333333,96.6,0.173333333,20.9
2006,12,67.0619,59.0512,56.94,39.3869,43.8033,42.2516,-2.056666667,95.4,0.13,18.7
2006,13,62.1827,57.4228,55.8298,30.4145,28.6572,29.7273,-2.683333333,96.6,0.173333333,20.9
2006,14,80.202,72.7054,64.1759,21.2633,26.3875,28.3992,-1.876666667,95,0.176666667,17.1
2006,15,44.5159,59.1654,49.4614,30.9944,25.5121,33.4627,-2.056666667,95.4,0.13,18.7
2006,16,62.1679,57.9965,51.2235,24.7967,30.1961,34.2788,-1.876666667,95,0.176666667,17.1
2006,17,56.6687,52.9511,46.5576,20.2998,23.0096,21.5191,-1.876666667,95,0.176666667,17.1
2007,1,62.7092,54.0419,54.3656,27.4547,30.1361,32.6987,0.946666667,94.8,1.436666667,15.5
2007,2,88.7279,83.6456,82.5311,20.066,19.6916,20.124,0.946666667,94.8,1.436666667,15.5
2007,3,74.1841,72.9429,75.212,36.0141,35.6923,35.3765,0.946666667,94.8,1.436666667,15.5
2007,4,82.6139,74.4716,66.7972,15.1612,18.6688,19.605,0.946666667,94.8,1.436666667,15.5
2007,5,62.4879,57.5353,57.5468,47.8468,44.5215,40.7719,0.946666667,94.8,1.436666667,15.5
2007,6,45.3667,53.7738,54.6498,39.6349,34.4275,31.6287,0.946666667,94.8,1.436666667,15.5
2007,7,74.5933,67.0881,59.0892,18.7589,19.5816,19.6621,0.946666667,94.8,1.436666667,15.5
2007,8,61.8778,51.9937,42.7968,26.9722,31.4071,34.0362,3.9,94.3,1.496666667,20.5
2007,9,53.2304,49.3889,49.1672,38.6517,41.0211,40.7468,0.946666667,94.8,1.436666667,15.5
2007,10,82.2457,85.9705,85.316,20.3483,19.552,20.5976,3.9,94.3,1.496666667,20.5
2007,11,92.7603,92.6113,92.0395,15.2829,16.1646,16.2368,3.9,94.3,1.496666667,20.5
2007,12,67.0619,59.0512,56.94,39.3869,43.8033,42.2516,0.946666667,94.8,1.436666667,15.5
2007,13,62.1827,57.4228,55.8298,30.4145,28.6572,29.7273,3.9,94.3,1.496666667,20.5
2007,14,80.202,72.7054,64.1759,21.2633,26.3875,28.3992,2.496666667,93.5,1.283333333,12
2007,15,44.5159,59.1654,49.4614,30.9944,25.5121,33.4627,0.946666667,94.8,1.436666667,15.5
2007,16,62.1679,57.9965,51.2235,24.7967,30.1961,34.2788,2.496666667,93.5,1.283333333,12
2007,17,56.6687,52.9511,46.5576,20.2998,23.0096,21.5191,2.496666667,93.5,1.283333333,12
2008,1,62.7092,54.0419,54.3656,27.4547,30.1361,32.6987,-1.06,93.6,0.773333333,18.4
2008,2,88.7279,83.6456,82.5311,20.066,19.6916,20.124,-1.06,93.6,0.773333333,18.4
2008,3,74.1841,72.9429,75.212,36.0141,35.6923,35.3765,-1.06,93.6,0.773333333,18.4
2008,4,82.6139,74.4716,66.7972,15.1612,18.6688,19.605,-1.06,93.6,0.773333333,18.4
2008,5,62.4879,57.5353,57.5468,47.8468,44.5215,40.7719,-1.06,93.6,0.773333333,18.4
2008,6,45.3667,53.7738,54.6498,39.6349,34.4275,31.6287,-1.06,93.6,0.773333333,18.4
2008,7,74.5933,67.0881,59.0892,18.7589,19.5816,19.6621,-1.06,93.6,0.773333333,18.4
2008,8,61.8778,51.9937,42.7968,26.9722,31.4071,34.0362,3.006666667,92,1.723333333,20.3
2008,9,53.2304,49.3889,49.1672,38.6517,41.0211,40.7468,-1.06,93.6,0.773333333,18.4
2008,10,82.2457,85.9705,85.316,20.3483,19.552,20.5976,3.006666667,92,1.723333333,20.3
2008,11,92.7603,92.6113,92.0395,15.2829,16.1646,16.2368,3.006666667,92,1.723333333,20.3
2008,12,67.0619,59.0512,56.94,39.3869,43.8033,42.2516,-1.06,93.6,0.773333333,18.4
2008,13,62.1827,57.4228,55.8298,30.4145,28.6572,29.7273,3.006666667,92,1.723333333,20.3
2008,14,80.202,72.7054,64.1759,21.2633,26.3875,28.3992,-0.573333333,93.9,0.613333333,16.4
2008,15,44.5159,59.1654,49.4614,30.9944,25.5121,33.4627,-1.06,93.6,0.773333333,18.4
2008,16,62.1679,57.9965,51.2235,24.7967,30.1961,34.2788,-0.573333333,93.9,0.613333333,16.4
2008,17,56.6687,52.9511,46.5576,20.2998,23.0096,21.5191,-0.573333333,93.9,0.613333333,16.4
2009,1,62.7092,54.0419,54.3656,27.4547,30.1361,32.6987,1.703333333,92.5,0.11,18.5
2009,2,88.7279,83.6456,82.5311,20.066,19.6916,20.124,1.703333333,92.5,0.11,18.5
2009,3,74.1841,72.9429,75.212,36.0141,35.6923,35.3765,1.703333333,92.5,0.11,18.5
2009,4,82.6139,74.4716,66.7972,15.1612,18.6688,19.605,1.703333333,92.5,0.11,18.5
2009,5,62.4879,57.5353,57.5468,47.8468,44.5215,40.7719,1.703333333,92.5,0.11,18.5
2009,6,45.3667,53.7738,54.6498,39.6349,34.4275,31.6287,1.703333333,92.5,0.11,18.5
2009,7,74.5933,67.0881,59.0892,18.7589,19.5816,19.6621,1.703333333,92.5,0.11,18.5
2009,8,61.8778,51.9937,42.7968,26.9722,31.4071,34.0362,3.39,91,0.313333333,19
2009,9,53.2304,49.3889,49.1672,38.6517,41.0211,40.7468,1.703333333,92.5,0.11,18.5
2009,10,82.2457,85.9705,85.316,20.3483,19.552,20.5976,3.39,91,0.313333333,19
2009,11,92.7603,92.6113,92.0395,15.2829,16.1646,16.2368,3.39,91,0.313333333,19
2009,12,67.0619,59.0512,56.94,39.3869,43.8033,42.2516,1.703333333,92.5,0.11,18.5
2009,13,62.1827,57.4228,55.8298,30.4145,28.6572,29.7273,3.39,91,0.313333333,19
2009,14,80.202,72.7054,64.1759,21.2633,26.3875,28.3992,1.38,89.2,0.183333333,16.2
2009,15,44.5159,59.1654,49.4614,30.9944,25.5121,33.4627,1.703333333,92.5,0.11,18.5
2009,16,62.1679,57.9965,51.2235,24.7967,30.1961,34.2788,1.38,89.2,0.183333333,16.2
2009,17,56.6687,52.9511,46.5576,20.2998,23.0096,21.5191,1.38,89.2,0.183333333,16.2
2010,1,62.7092,54.0419,54.3656,27.4547,30.1361,32.6987,0.153333333,93.9,0.46,15.6
2010,2,88.7279,83.6456,82.5311,20.066,19.6916,20.124,0.153333333,93.9,0.46,15.6
2010,3,74.1841,72.9429,75.212,36.0141,35.6923,35.3765,0.153333333,93.9,0.46,15.6
2010,4,82.6139,74.4716,66.7972,15.1612,18.6688,19.605,0.153333333,93.9,0.46,15.6
2010,5,62.4879,57.5353,57.5468,47.8468,44.5215,40.7719,0.153333333,93.9,0.46,15.6
2010,6,45.3667,53.7738,54.6498,39.6349,34.4275,31.6287,0.153333333,93.9,0.46,15.6
2010,7,74.5933,67.0881,59.0892,18.7589,19.5816,19.6621,0.153333333,93.9,0.46,15.6
2010,8,61.8778,51.9937,42.7968,26.9722,31.4071,34.0362,2.9,94.3,0.68,18.7
2010,9,53.2304,49.3889,49.1672,38.6517,41.0211,40.7468,0.153333333,93.9,0.46,15.6
2010,10,82.2457,85.9705,85.316,20.3483,19.552,20.5976,2.9,94.3,0.68,18.7
2010,11,92.7603,92.6113,92.0395,15.2829,16.1646,16.2368,2.9,94.3,0.68,18.7
2010,12,67.0619,59.0512,56.94,39.3869,43.8033,42.2516,0.153333333,93.9,0.46,15.6
2010,13,62.1827,57.4228,55.8298,30.4145,28.6572,29.7273,2.9,94.3,0.68,18.7
2010,14,80.202,72.7054,64.1759,21.2633,26.3875,28.3992,1.926666667,92.9,0.473333333,14
2010,15,44.5159,59.1654,49.4614,30.9944,25.5121,33.4627,0.153333333,93.9,0.46,15.6
2010,16,62.1679,57.9965,51.2235,24.7967,30.1961,34.2788,1.926666667,92.9,0.473333333,14
2010,17,56.6687,52.9511,46.5576,20.2998,23.0096,21.5191,1.926666667,92.9,0.473333333,14
2011,1,62.7092,54.0419,53.6589,27.4547,30.1361,33.0929,-4.576666667,101.2,0.233333333,15.7
2011,2,88.7931,83.5204,82.2515,19.9736,19.5256,19.5761,-4.576666667,101.2,0.233333333,15.7
2011,3,73.566,71.5945,74.0706,35.4752,35.1625,34.8943,-4.576666667,101.2,0.233333333,15.7
2011,4,82.6139,73.5652,66.0884,15.1612,18.8435,19.6463,-4.576666667,101.2,0.233333333,15.7
2011,5,62.4879,57.5353,57.4821,47.8468,44.5215,40.6315,-4.576666667,101.2,0.233333333,15.7
2011,6,45.3667,52.2449,52.6718,39.6349,35.2769,32.6211,-4.576666667,101.2,0.233333333,15.7
2011,7,74.3914,66.3936,57.3081,18.876,19.8207,19.6678,-4.576666667,101.2,0.233333333,15.7
2011,8,61.5813,51.0416,40.5492,26.6686,30.298,31.9056,-3.79,102.5,0.416666667,17
2011,9,50.6284,45.5298,45.8968,35.1211,36.106,36.9535,-4.576666667,101.2,0.233333333,15.7
2011,10,79.3783,82.7093,82.4272,20.0875,18.8722,19.515,-3.79,102.5,0.416666667,17
2011,11,93.2767,93.0363,91.7729,14.3311,15.2034,15.4211,-3.79,102.5,0.416666667,17
2011,12,67.0635,59.0624,55.3305,39.3976,43.9554,43.077,-4.576666667,101.2,0.233333333,15.7
2011,13,60.4672,55.1632,53.5923,29.6524,27.129,28.0619,-3.79,102.5,0.416666667,17
2011,14,74.0268,69.019,62.7507,22.6445,27.2011,28.6201,-2.52,98.5,0.306666667,14.2
2011,15,43.4483,57.8624,48.9484,31.4048,26.2389,33.7455,-4.576666667,101.2,0.233333333,15.7
2011,16,62.6479,59.3368,51.3615,24.8769,30.8597,34.9575,-2.52,98.5,0.306666667,14.2
2011,17,57.637,53.8829,47.1749,22.4876,25.1196,23.1962,-2.52,98.5,0.306666667,14.2
2012,1,62.7092,54.0419,53.6589,27.4547,30.1361,33.0929,-3.806666667,98.6,0.87,20.4
2012,2,88.7931,83.5204,82.2515,19.9736,19.5256,19.5761,-3.806666667,98.6,0.87,20.4
2012,3,73.566,71.5945,74.0706,35.4752,35.1625,34.8943,-3.806666667,98.6,0.87,20.4
2012,4,82.6139,73.5652,66.0884,15.1612,18.8435,19.6463,-3.806666667,98.6,0.87,20.4
2012,5,62.4879,57.5353,57.4821,47.8468,44.5215,40.6315,-3.806666667,98.6,0.87,20.4
2012,6,45.3667,52.2449,52.6718,39.6349,35.2769,32.6211,-3.806666667,98.6,0.87,20.4
2012,7,74.3914,66.3936,57.3081,18.876,19.8207,19.6678,-3.806666667,98.6,0.87,20.4
2012,8,61.5813,51.0416,40.5492,26.6686,30.298,31.9056,-2.096666667,100.4,2.023333333,24
2012,9,50.6284,45.5298,45.8968,35.1211,36.106,36.9535,-3.806666667,98.6,0.87,20.4
2012,10,79.3783,82.7093,82.4272,20.0875,18.8722,19.515,-2.096666667,100.4,2.023333333,24
2012,11,93.2767,93.0363,91.7729,14.3311,15.2034,15.4211,-2.096666667,100.4,2.023333333,24
2012,12,67.0635,59.0624,55.3305,39.3976,43.9554,43.077,-3.806666667,98.6,0.87,20.4
2012,13,60.4672,55.1632,53.5923,29.6524,27.129,28.0619,-2.096666667,100.4,2.023333333,24
2012,14,74.0268,69.019,62.7507,22.6445,27.2011,28.6201,-4.033333333,98.5,0.67,18.4
2012,15,43.4483,57.8624,48.9484,31.4048,26.2389,33.7455,-3.806666667,98.6,0.87,20.4
2012,16,62.6479,59.3368,51.3615,24.8769,30.8597,34.9575,-4.033333333,98.5,0.67,18.4
2012,17,57.637,53.8829,47.1749,22.4876,25.1196,23.1962,-4.033333333,98.5,0.67,18.4
2013,1,62.7092,54.0419,53.6589,27.4547,30.1361,33.0929,-3.27,93,0.65,19.8
2013,2,88.7931,83.5204,82.2515,19.9736,19.5256,19.5761,-3.27,93,0.65,19.8
2013,3,73.566,71.5945,74.0706,35.4752,35.1625,34.8943,-3.27,93,0.65,19.8
2013,4,82.6139,73.5652,66.0884,15.1612,18.8435,19.6463,-3.27,93,0.65,19.8
2013,5,62.4879,57.5353,57.4821,47.8468,44.5215,40.6315,-3.27,93,0.65,19.8
2013,6,45.3667,52.2449,52.6718,39.6349,35.2769,32.6211,-3.27,93,0.65,19.8
2013,7,74.3914,66.3936,57.3081,18.876,19.8207,19.6678,-3.27,93,0.65,19.8
2013,8,61.5813,51.0416,40.5492,26.6686,30.298,31.9056,1.626666667,90.3,1.13,22.3
2013,9,50.6284,45.5298,45.8968,35.1211,36.106,36.9535,-3.27,93,0.65,19.8
2013,10,79.3783,82.7093,82.4272,20.0875,18.8722,19.515,1.626666667,90.3,1.13,22.3
2013,11,93.2767,93.0363,91.7729,14.3311,15.2034,15.4211,1.626666667,90.3,1.13,22.3
2013,12,67.0635,59.0624,55.3305,39.3976,43.9554,43.077,-3.27,93,0.65,19.8
2013,13,60.4672,55.1632,53.5923,29.6524,27.129,28.0619,1.626666667,90.3,1.13,22.3
2013,14,74.0268,69.019,62.7507,22.6445,27.2011,28.6201,-3.75,91.7,0.593333333,17.3
2013,15,43.4483,57.8624,48.9484,31.4048,26.2389,33.7455,-3.27,93,0.65,19.8
2013,16,62.6479,59.3368,51.3615,24.8769,30.8597,34.9575,-3.75,91.7,0.593333333,17.3
2013,17,57.637,53.8829,47.1749,22.4876,25.1196,23.1962,-3.75,91.7,0.593333333,17.3
2014,1,62.7092,54.0419,53.6589,27.4547,30.1361,33.0929,NA,NA,0.29,17.1
2014,2,88.7931,83.5204,82.2515,19.9736,19.5256,19.5761,NA,NA,0.29,17.1
2014,3,73.566,71.5945,74.0706,35.4752,35.1625,34.8943,NA,NA,0.29,17.1
2014,4,82.6139,73.5652,66.0884,15.1612,18.8435,19.6463,NA,NA,0.29,17.1
2014,5,62.4879,57.5353,57.4821,47.8468,44.5215,40.6315,NA,NA,0.29,17.1
2014,6,45.3667,52.2449,52.6718,39.6349,35.2769,32.6211,NA,NA,0.29,17.1
2014,7,74.3914,66.3936,57.3081,18.876,19.8207,19.6678,NA,NA,0.29,17.1
2014,8,61.5813,51.0416,40.5492,26.6686,30.298,31.9056,NA,NA,0.536666667,17.7
2014,9,50.6284,45.5298,45.8968,35.1211,36.106,36.9535,NA,NA,0.29,17.1
2014,10,79.3783,82.7093,82.4272,20.0875,18.8722,19.515,NA,NA,0.536666667,17.7
2014,11,93.2767,93.0363,91.7729,14.3311,15.2034,15.4211,NA,NA,0.536666667,17.7
2014,12,67.0635,59.0624,55.3305,39.3976,43.9554,43.077,NA,NA,0.29,17.1
2014,13,60.4672,55.1632,53.5923,29.6524,27.129,28.0619,NA,NA,0.536666667,17.7
2014,14,74.0268,69.019,62.7507,22.6445,27.2011,28.6201,NA,NA,0.27,15.4
2014,15,43.4483,57.8624,48.9484,31.4048,26.2389,33.7455,NA,NA,0.29,17.1
2014,16,62.6479,59.3368,51.3615,24.8769,30.8597,34.9575,NA,NA,0.27,15.4
2014,17,57.637,53.8829,47.1749,22.4876,25.1196,23.1962,NA,NA,0.27,15.4